"genre","Count"
"album rock",3465
"karaoke",2627
"classical",1129
"sleep",997
"alternative rock",913
"alternative metal",833
"irish rock",789
"pop",772
"classify",653
"piano cover",647
"acid rock",638
"grunge",570
"british soundtrack",451
"indietronica",443
"lullaby",429
"theme",416
"adult standards",413
"musica para ninos",394
"classic rock",388
"antiviral pop",382
"bow pop",375
"ccm",364
"canadian pop",351
"conscious hip hop",349
"art pop",331
"east coast hip hop",329
"8-bit",296
"k-pop",286
"baroque",285
"cabaret",260
"dance pop",248
"fake",245
"bardcore",235
"banda",231
"environmental",217
"alternative country",216
"nursery",214
"canadian contemporary r&b",209
"bagpipe",198
"atl hip hop",197
"mexican pop",194
"workout product",194
"britpop",180
"japanese vgm",178
"psychedelic hip hop",167
"alternative hip hop",163
"zambian hip hop",161
"classical performance",157
"neomelodici",156
"opm",153
"musica de fondo",146
"jazz saxophone",145
"bboy",143
"compositional ambient",142
"zen",141
"gangster rap",135
"florida drill",132
"spa",132
"hip hop",130
"meditation",129
"country blues",126
"cali rap",125
"chamber pop",124
"mexican hip hop",124
"pop rock",124
"detroit trap",123
"memphis hip hop",121
"anime score",119
"new romantic",119
"brain waves",118
"otacore",118
"australian children's music",116
"bossbeat",111
"classic country pop",111
"bebop",110
"cosmic american",110
"bass house",105
"children's music",104
"ambient idm",103
"boom bap",100
"french soundtrack",100
"shush",100
"neo-rockabilly",96
"girl group",95
"polka",95
"asmr",94
"horror synth",94
"british blues",93
"chicano rap",93
"classic city pop",93
"g funk",92
"alternative r&b",91
"reggae",91
"underground hip hop",91
"j-poprock",90
"baroque pop",89
"big beat",88
"vocal resources",88
"corrido",87
"folk",86
"british invasion",85
"british soul",85
"midwest americana",85
"abstract hip hop",84
"british choir",84
"nyc rap",84
"reggaeton",84
"classical piano",83
"dancehall",83
"christmas instrumental",82
"contemporary country",82
"contemporary r&b",82
"bubblegum pop",81
"chakra",80
"anti-folk",79
"heartland rock",79
"alternative pop",78
"alternative roots rock",78
"yoga",78
"country pop",77
"alt z",76
"classic soul",76
"german indie pop",75
"anime lo-fi",74
"video game music",74
"eurodance",73
"latin pop",72
"melodic rap",72
"pop r&b",72
"anime",70
"bakersfield sound",70
"electrofox",69
"afrikaans",68
"crunk",68
"orgcore",68
"thai pop",68
"agronejo",67
"norwegian doom metal",66
"wrock",66
"acoustic pop",65
"jazz fusion",65
"melodic house",65
"classic mandopop",64
"dirty south rap",64
"atl trap",63
"danish electropop",63
"deep smooth jazz",62
"yacht rock",62
"art rock",61
"canadian folk",61
"mandopop",61
"roots worship",61
"tribute",61
"vocal jazz",61
"american modern classical",60
"gogeo",60
"music box",60
"432hz",59
"british electroacoustic",59
"latin arena pop",59
"pluggnb",59
"beatlesque",58
"classic greek pop",58
"contemporary gospel",58
"latin alternative",58
"christian hip hop",57
"dance rock",57
"indiecoustica",57
"modern alternative rock",57
"bedroom pop",56
"classic hardstyle",56
"gaian doom",56
"jam band",56
"classic texas country",55
"disco",55
"grime",55
"scam rap",55
"belgian modern jazz",54
"broadway",54
"edm",54
"la indie",54
"morna",54
"neo-classical",54
"ringtone",54
"battle rap",53
"complextro",53
"jazz boom bap",53
"african rock",52
"french hip hop",52
"anime rock",51
"boy band",51
"choral",51
"country rap",51
"deep comedy",51
"orchestral soundtrack",51
"power blues-rock",51
"viral pop",51
"latin christian",50
"modern chamber music",50
"sound effects",50
"finnish electronic",49
"indie quebecois",49
"chinese indie",48
"southern soul",48
"british singer-songwriter",47
"dinner jazz",47
"flick hop",47
"musica tradicional cubana",47
"acoustic rock",46
"backing track",46
"canadian hip hop",46
"gospel",46
"kansas hip hop",46
"lo-fi emo",46
"arkansas country",45
"modern rock",45
"soundtrack",45
"black thrash",44
"cloud rap",44
"detroit hip hop",44
"wrestling",44
"american shoegaze",43
"chicago rap",43
"chopped and screwed",43
"german romanticism",43
"musica chihuahuense",43
"novelty",43
"brostep",42
"chanson",42
"chillhop",42
"classic praise",42
"dutch house",42
"epicore",42
"lo-fi beats",42
"new orleans funk",42
"pov: indie",42
"rare groove",42
"binaural",41
"british dance band",41
"canadian celtic",41
"filmi",41
"finnish indie",41
"punk",41
"american folk revival",40
"charlotte nc indie",40
"country rock",40
"finnish edm",40
"irish singer-songwriter",40
"kindie rock",40
"phonk",40
"pixie",40
"torch song",40
"white noise",40
"classic danish pop",39
"djent",39
"indie hip hop",39
"j-pop",39
"pianissimo",39
"pixel",39
"sped up",39
"ambient",38
"animegrind",38
"banjo",38
"dutch trance",38
"indonesian alternative rock",38
"k-rap",38
"library music",38
"pinoy metal",38
"post-disco soul",38
"strut",38
"acousmatic",37
"brazilian hip hop",37
"brooklyn drill",37
"bubble trance",37
"indie napoletano",37
"popping",37
"alternative dance",36
"australian country",36
"classic russian pop",36
"irish folk",36
"modern country pop",36
"tejano",36
"us power metal",36
"visual kei",36
"abstract",35
"black 'n' roll",35
"dutch hip hop",35
"euphoric hardstyle",35
"mandolin",35
"nerdcore",35
"shamanic",35
"weirdcore",35
"west coast reggae",35
"afrobeats",34
"bossa nova",34
"caucasian classical",34
"dixieland",34
"emo",34
"french indietronica",34
"glitchcore",34
"trap queen",34
"21st century classical",33
"blues",33
"calming instrumental",33
"colombian pop",33
"downtempo",33
"german blues",33
"irish country",33
"israelite hip hop",33
"quebec punk",33
"afghan pop",32
"american contemporary classical",32
"ballet class",32
"bounce",32
"glam rock",32
"gregorian chant",32
"indie jazz",32
"japanese beats",32
"orthodox chant",32
"sertanejo",32
"anime rap",31
"ectofolk",31
"italian folk",31
"pilates",31
"solo wave",31
"8d",30
"belgian hip hop",30
"brill building pop",30
"college marching band",30
"crank wave",30
"deep ambient",30
"electropop",30
"folk-pop",30
"k-pop boy group",30
"canadian hardcore",29
"canadian soundtrack",29
"classic k-pop",29
"latin soundtrack",29
"lo-fi cover",29
"lo-fi jazzhop",29
"lo-fi vgm",29
"roots americana",29
"australian rock",28
"blues rock",28
"children's folk",28
"country",28
"experimental hip hop",28
"funk rock",28
"mainland chinese pop",28
"rosary",28
"soulful house",28
"swamp pop",28
"dream pop",27
"electro latino",27
"estonian folk",27
"lo-fi product",27
"new jersey rap",27
"pop rap",27
"praise",27
"romanian house",27
"suomirap",27
"acoustic punk",26
"austin americana",26
"chicago bop",26
"christian music",26
"contemporary classical",26
"dfw rap",26
"drift phonk",26
"hauntology",26
"high vibe",26
"salsa cristiana",26
"swing revival",26
"traditional bluegrass",26
"uk alternative hip hop",26
"argentine ambient",25
"bossa nova cover",25
"bristol indie",25
"british folk",25
"cantautora mexicana",25
"cartoon",25
"dub",25
"german choir",25
"israeli mediterranean",25
"japanese alternative rock",25
"pop chileno",25
"pop punk",25
"action rock",24
"baton rouge rap",24
"blues band",24
"brazilian soul",24
"brighton indie",24
"chicago blues",24
"chicago soul",24
"classic venezuelan pop",24
"desi trap",24
"mississippi hip hop",24
"modern blues rock",24
"rap rock",24
"rva drill",24
"spanish indie pop",24
"bergen indie",23
"bluegrass",23
"channel pop",23
"country gospel",23
"electric bass",23
"fantasy metal",23
"healing",23
"j-rock",23
"jazz guitar",23
"plugg francais",23
"shred",23
"sigilkore",23
"tone",23
"westcoast flow",23
"western mass indie",23
"aesthetic rap",22
"american choir",22
"boom bap brasileiro",22
"brutal death metal",22
"c-pop",22
"chill lounge",22
"cumbia villera",22
"deep free jazz",22
"deep talent show",22
"dutch experimental electronic",22
"early us punk",22
"funky house",22
"horrorcore",22
"israeli metal",22
"italian hip hop",22
"norteno",22
"pinoy drill",22
"pop violin",22
"alabama rap",21
"american melodeath",21
"australian dance",21
"british alternative rock",21
"cancion infantil latinoamericana",21
"dark ambient",21
"disco house",21
"dutch tech house",21
"experimental rock",21
"family gospel",21
"german boom bap",21
"harp",21
"hawaiian",21
"hopebeat",21
"icelandic hip hop",21
"instrumental djent",21
"israeli singer-songwriter",21
"japanese singer-songwriter",21
"jazz funk",21
"lovers rock",21
"neo mellow",21
"new jersey hardcore",21
"persian hip hop",21
"preschool children's music",21
"rap espanol",21
"rock kapak",21
"british orchestra",20
"chicago drill",20
"deep christian rock",20
"deep house",20
"deep jazz fusion",20
"devon indie",20
"diva house",20
"future funk",20
"glitchbreak",20
"la pop",20
"neo soul",20
"norwegian pop",20
"progressive psytrance",20
"arrocha",19
"australian hip hop",19
"bedroom soul",19
"black punk",19
"brazilian edm",19
"celtic",19
"classic progressive house",19
"danish pop",19
"dark trap",19
"electro house",19
"funk",19
"g-house",19
"handpan",19
"k-indie",19
"lilith",19
"russian pop",19
"swedish jazz",19
"ugandan pop",19
"ambient industrial",18
"ambient lo-fi",18
"anthem worship",18
"australian indie",18
"belgian classical piano",18
"belly dance",18
"bronx hip hop",18
"bulgarian pop",18
"chill abstract hip hop",18
"christian lo-fi",18
"classic icelandic pop",18
"czech hip hop",18
"dutch death metal",18
"experimental indie rock",18
"fvnky rimex",18
"hardcore",18
"indie game soundtrack",18
"indie r&b",18
"intelligent dance music",18
"japanese heavy metal",18
"new age",18
"piano rock",18
"pop dance",18
"russelater",18
"american primitive",17
"anime piano",17
"bhajan",17
"british indie rock",17
"british jazz",17
"canzone napoletana",17
"chicago indie",17
"comedy",17
"covertronica",17
"dark plugg",17
"dark post-punk",17
"easy listening",17
"erotic product",17
"finnish dance pop",17
"german dance",17
"hands up",17
"instrumental lullaby",17
"j-rap",17
"jump blues",17
"manele",17
"new age piano",17
"rap maroc",17
"san diego rap",17
"swedish rockabilly",17
"trekkspill",17
"vintage dutch pop",17
"zambian pop",17
"5th wave emo",16
"baptist gospel",16
"belgian dance",16
"belgian metal",16
"blues-rock guitar",16
"bolero",16
"brazilian boogie",16
"chinese traditional",16
"classic soundtrack",16
"contemporary vocal jazz",16
"dark pop",16
"deconstructed club",16
"deep disco house",16
"deep underground hip hop",16
"desi pop",16
"didgeridoo",16
"doo-wop",16
"french folk pop",16
"funk metal",16
"german country",16
"gospel reggae",16
"haitian traditional",16
"hard motivation",16
"horror punk",16
"jersey club",16
"mantra",16
"metal cover",16
"modern indie pop",16
"modern old-time",16
"ohio hip hop",16
"polish classical",16
"post-black metal",16
"punjabi pop",16
"swedish hip hop",16
"tape club",16
"therapy",16
"togolese pop",16
"uk worship",16
"wu fam",16
"alaska hip hop",15
"anime latino",15
"appalachian folk",15
"arkansas hip hop",15
"austin rock",15
"bay area indie",15
"big room",15
"chill house",15
"chinese indie rock",15
"classic french pop",15
"cumbia editada",15
"dancefloor dnb",15
"death industrial",15
"deathgrass",15
"dutch folk",15
"full on",15
"garage pop",15
"glitch hop",15
"gothenburg hip hop",15
"highlife",15
"honky-tonk piano",15
"hyphy",15
"indonesian emo rap",15
"industrial metal",15
"kiwi rock",15
"korean electronic",15
"lo-fi",15
"miami hip hop",15
"musica infantil",15
"new wave pop",15
"noise rock",15
"norwegian pop rap",15
"nouvelle chanson francaise",15
"oi",15
"polish hip hop",15
"progressive alternative",15
"rock-and-roll",15
"rumba",15
"sgija",15
"swedish pop",15
"thai hip hop",15
"traditional british folk",15
"trap soul",15
"western americana",15
"african percussion",14
"afrobeat",14
"ambient worship",14
"arab alternative",14
"asheville indie",14
"athens indie",14
"atlanta indie",14
"australian classical",14
"australian pop",14
"belgian techno",14
"black death",14
"calypso",14
"cantopop",14
"chinese soundtrack",14
"christian indie",14
"christlicher rap",14
"classic swedish pop",14
"contemporary jazz",14
"electro swing",14
"ethnotronica",14
"french indie pop",14
"garage punk blues",14
"gen z singer-songwriter",14
"glam punk",14
"goregrind",14
"instrumental worship",14
"italian adult pop",14
"japanese vtuber",14
"maga rap",14
"melbourne indie",14
"metropopolis",14
"mezmur",14
"modern alternative pop",14
"new orleans rap",14
"new wave",14
"ok indie",14
"pub rock",14
"puerto rican folk",14
"rap underground espanol",14
"reggae en espanol",14
"slack-key guitar",14
"tropical house",14
"viral afropop",14
"afro-cuban percussion",13
"anglican liturgy",13
"austindie",13
"beats",13
"bgm",13
"birmingham metal",13
"canadian electronic",13
"canadian electropop",13
"chill breakcore",13
"chillstep",13
"chinese hip hop",13
"christian hardcore",13
"classical trumpet",13
"cool jazz",13
"dark techno",13
"deathcore",13
"deep ccm",13
"deep disco",13
"deep groove house",13
"dembow dominicano",13
"desi hip hop",13
"egg punk",13
"electro-pop francais",13
"finnish blues",13
"float house",13
"funk carioca",13
"game mood",13
"german ccm",13
"german cloud rap",13
"german hip hop",13
"german hyperpop",13
"german pop",13
"gymcore",13
"hammond organ",13
"instrumental math rock",13
"italo disco",13
"japanese jazz",13
"kansas city hip hop",13
"london rap",13
"meme",13
"modern melodic hardcore",13
"mollywood",13
"post-hardcore",13
"r&b",13
"russian drill",13
"sad sierreno",13
"seattle indie",13
"singer-songwriter pop",13
"slowed and reverb",13
"soft rock",13
"swedish eurodance",13
"swedish indie pop",13
"talent show",13
"trap beats",13
"uk drill",13
"uk reggae",13
"underground boom bap",13
"uptempo hardcore",13
"acid jazz",12
"adventista",12
"aussie emo",12
"australian comedy",12
"avant-garde jazz",12
"bahamian pop",12
"berlin school",12
"boogie",12
"burkinabe pop",12
"canadian country",12
"cello",12
"chilean rock",12
"christian alternative rock",12
"christian dance",12
"classic thai pop",12
"college a cappella",12
"cyber metal",12
"dark rock",12
"deep latin christian",12
"deep ragga",12
"dutch jazz",12
"escape room",12
"exotica",12
"fidget house",12
"florida rap",12
"focus",12
"folk punk",12
"gothenburg indie",12
"grebo",12
"gym hardstyle",12
"hardcore punk",12
"indie pop",12
"italian techno",12
"jazz clarinet",12
"jazz trumpet",12
"latin jazz",12
"lds",12
"lo-fi rap",12
"melodic hardcore",12
"merengue",12
"necrotrap",12
"neo soul-jazz",12
"new italo disco",12
"northern irish indie",12
"pacific islands pop",12
"permanent wave",12
"pinoy pop punk",12
"plugg",12
"pop minang",12
"psychedelic folk rock",12
"rebel blues",12
"rez country",12
"ritual ambient",12
"southern gospel",12
"space age pop",12
"springfield mo indie",12
"swiss indie folk",12
"touhou",12
"uk contemporary r&b",12
"welsh hip hop",12
"west virginia indie",12
"acoustic cover",11
"asbury park indie",11
"bedroom skramz",11
"bolivian rock",11
"canadian modern jazz",11
"children's story",11
"classic disco polo",11
"classic girl group",11
"classic pakistani pop",11
"danish pop rock",11
"deep psychobilly",11
"dmv rap",11
"easycore",11
"freak folk",11
"french jazz",11
"ghanaian gospel",11
"glitch pop",11
"groove room",11
"indie pop rap",11
"japanese r&b",11
"japanese rockabilly",11
"judaica",11
"klezmer",11
"lo-fi sleep",11
"meme rap",11
"minimal synth",11
"modern reggae",11
"muziek voor kinderen",11
"nightcore",11
"north alabama indie",11
"norwegian jazz",11
"oc indie",11
"oratory",11
"palm desert scene",11
"piano worship",11
"plug brasileiro",11
"progressive house",11
"progressive trance",11
"slovak pop",11
"study beats",11
"tech house",11
"techno argentina",11
"texas country",11
"toronto indie",11
"wyoming roots",11
"acoustic guitar cover",10
"alt-idol",10
"ambient folk",10
"ambient psychill",10
"atlanta metal",10
"austin hip hop",10
"bachata",10
"botswana pop",10
"brazilian thrash metal",10
"caracas indie",10
"celtic punk",10
"chill r&b",10
"chinese audiophile",10
"classic nepali pop",10
"colombian death metal",10
"columbus ohio indie",10
"danish metal",10
"dark cabaret",10
"dark jazz",10
"deep east coast hip hop",10
"deep hardcore",10
"dutch pop",10
"erotica",10
"experimental bass",10
"flute rock",10
"fluxwork",10
"french black metal",10
"future bass",10
"gaming edm",10
"german death metal",10
"gothic rock",10
"greek metal",10
"hip pop",10
"hyperpop",10
"indie anthem-folk",10
"indie poblano",10
"indie punk",10
"indonesian worship",10
"japanese drill",10
"jazz blues",10
"korean instrumental",10
"korean pop",10
"modern big band",10
"modern bollywood",10
"multidisciplinary",10
"new jack swing",10
"new tejano",10
"newcastle nsw indie",10
"philly rap",10
"portuguese indie",10
"rain",10
"rap underground colombiano",10
"rockabilly en espanol",10
"scenecore",10
"slovak metal",10
"south african deep house",10
"south african house",10
"stutter house",10
"swiss experimental",10
"thai folk rock",10
"thai instrumental",10
"tibetan folk pop",10
"tollywood",10
"vbs",10
"violin",10
"world chill",10
"acoustic chill",9
"background jazz",9
"boston hip hop",9
"brazilian heavy metal",9
"british power metal",9
"canzone d'autore",9
"carnaval limburg",9
"cloud rap francais",9
"crack rock steady",9
"danish electronic",9
"dark r&b",9
"deep progressive rock",9
"dubstep",9
"estonian hip hop",9
"euskal reggae",9
"folclor afrocolombiano",9
"funk mtg",9
"furry",9
"gym phonk",9
"haryanvi pop",9
"houston rap",9
"indian techno",9
"irish indie rock",9
"irish techno",9
"italian black metal",9
"latin hip hop",9
"lo-fi indie",9
"malaysian pop",9
"melbourne bounce international",9
"melbourne punk",9
"minnesota hip hop",9
"modern funk",9
"movie tunes",9
"musica etnica",9
"naat",9
"norwegian americana",9
"oc rap",9
"polish alternative rap",9
"psychedelic blues-rock",9
"rage rap",9
"romanian trap",9
"russian underground rap",9
"sami",9
"shimmer pop",9
"traditional soul",9
"trap latino",9
"wave",9
"west coast trap",9
"a cappella",8
"ambient techno",8
"american post-rock",8
"atmospheric sludge",8
"background music",8
"balkan classical piano",8
"bass trap",8
"bay area hip hop",8
"belgian black metal",8
"british modern classical",8
"canterbury scene",8
"chill groove",8
"chill guitar",8
"classic italian pop",8
"classic sierreno",8
"classical guitar",8
"classical mezzo-soprano",8
"cubaton",8
"cyberpunk",8
"dark clubbing",8
"dark wave",8
"deboxe",8
"deep german hip hop",8
"deep tropical house",8
"dembow",8
"emo rap",8
"experimental dub",8
"finnish jazz",8
"focus beats",8
"golden age hip hop",8
"indie poptimism",8
"indonesian metal",8
"irish electronic",8
"irish pop",8
"italian library music",8
"j-pop boy group",8
"jazz orchestra",8
"k-pop girl group",8
"mariachi",8
"neo-progressive",8
"neo-psychedelic",8
"nintendocore",8
"norwegian rock",8
"orchestra",8
"post-teen pop",8
"reggaeton flow",8
"rock keyboard",8
"russian dance",8
"salsa",8
"scorecore",8
"smooth jazz",8
"tarantella",8
"techno remix",8
"thai teen pop",8
"uk contemporary jazz",8
"ukg revival",8
"afrofuturism",7
"albanian hip hop",7
"anime drill",7
"argentine hip hop",7
"atmospheric black metal",7
"australian talent show",7
"background piano",7
"bedroom r&b",7
"bronx drill",7
"cascadia psych",7
"classical cello",7
"contemporary folk",7
"coverchill",7
"cumbia 420",7
"dark progressive house",7
"diy emo",7
"dream plugg",7
"dronescape",7
"drumless hip hop",7
"dutch edm",7
"filter house",7
"folclore santiagueno",7
"future bounce",7
"garage rock",7
"german tech house",7
"glam metal",7
"hard rock",7
"hardgroove",7
"hyperpop francais",7
"indie folk",7
"indie garage rock",7
"indonesian emo",7
"instrumental post-rock",7
"italo dance",7
"j-metal",7
"kids hip hop",7
"kolkata indie",7
"lo-fi study",7
"melodic drill",7
"nwocr",7
"organic electronic",7
"p funk",7
"pop edm",7
"pop peruano",7
"previa",7
"punk cover",7
"rap latina",7
"rhythm game",7
"screamocore",7
"singing bowl",7
"slap house",7
"slow game",7
"spanish techno",7
"spiritual jazz",7
"synthwave",7
"taiwan hip hop",7
"trance",7
"trap brasileiro",7
"uk christian rap",7
"uk pop",7
"urbano espanol",7
"viral rap",7
"vocaloid",7
"acid house",6
"afroswing",6
"alternative emo",6
"amapiano",6
"arab electronic",6
"aussietronica",6
"australian electropop",6
"baltimore hip hop",6
"basshall",6
"bolobedu house",6
"british contemporary classical",6
"buffalo ny indie",6
"candy pop",6
"charva",6
"chinese viral pop",6
"classic bollywood",6
"classic oklahoma country",6
"classic opm",6
"classical organ",6
"corridos tumbados",6
"danish jazz",6
"deep big room",6
"deep uplifting trance",6
"detroit techno",6
"detroit trap brasileiro",6
"downtempo bass",6
"drill francais",6
"dutch americana",6
"edo old school",6
"electro",6
"electronica",6
"german alternative rap",6
"german metal",6
"house",6
"indie psych-pop",6
"japanese folk",6
"kashmiri pop",6
"kelowna bc indie",6
"korean r&b",6
"melodic techno",6
"modern bhajan",6
"modern indie folk",6
"new york drill",6
"persian pop",6
"phonk brasileiro",6
"pinoy hip hop",6
"polish drill",6
"polish pop",6
"pop romantico",6
"progressive electro house",6
"progressive jazz fusion",6
"rap algerien",6
"rap kreyol",6
"reggaeton mexicano",6
"romanian pop",6
"sound",6
"speedrun",6
"surinamese pop",6
"swancore",6
"techengue",6
"turkish edm",6
"uk dance",6
"acid techno",5
"afro house",5
"aggressive phonk",5
"ambient dub techno",5
"arabic hip hop",5
"argentine indie",5
"asian american hip hop",5
"belgian edm",5
"bhangra",5
"bhojpuri pop",5
"black americana",5
"boom bap espanol",5
"brega funk",5
"canadian contemporary country",5
"cantautor",5
"christian metal",5
"chutney",5
"color noise",5
"comic",5
"dalarna indie",5
"dancehall mauricien",5
"dangdut",5
"danish hip hop",5
"deep dnb",5
"deep euro house",5
"deep minimal techno",5
"detroit trap en espanol",5
"drill italiana",5
"drum and bass",5
"dub reggae",5
"dub techno",5
"dutch dnb",5
"early modern classical",5
"ecuadorian pop",5
"full on groove",5
"gospel amapiano",5
"guyanese pop",5
"hard house",5
"hard industrial techno",5
"hard minimal techno",5
"hindustani instrumental",5
"idol",5
"indie electropop",5
"indie rock",5
"indie soul",5
"indonesian pop",5
"indonesian pop rock",5
"indonesian post-hardcore",5
"italian trance",5
"japanese instrumental",5
"jazz rap",5
"jazz trio",5
"k-pop ballad",5
"kawaii future bass",5
"khortha pop",5
"kizomba",5
"kompa gouyad",5
"lagu jawa",5
"musica triste brasileira",5
"nashville indie",5
"neo r&b",5
"nerdcore brasileiro",5
"no beat",5
"nu gabber",5
"nyc pop",5
"ocean",5
"pet calming",5
"pink noise",5
"pinoy trap",5
"plugg en espanol",5
"pop house",5
"pop quebecois",5
"portland hip hop",5
"rap calme",5
"reggae fusion",5
"romantico",5
"russian hip hop",5
"swedish idol pop",5
"swedish metalcore",5
"taiwan indie",5
"traditional reggae",5
"trap argentino",5
"trap maroc",5
"trap peruano",5
"traprun",5
"trop rock",5
"twee pop",5
"uk alternative pop",5
"uk hip hop",5
"urbano chileno",5
"vapor twitch",5
"vgm remix",5
"vocal house",5
"afro r&b",4
"afro soul",4
"alberta hip hop",4
"american metalcore",4
"anthem emo",4
"antilliaanse rap",4
"apostolic worship",4
"assamese pop",4
"austin singer-songwriter",4
"ballroom",4
"bassline",4
"belgian pop",4
"birthday",4
"brazilian ccm",4
"brazilian stoner rock",4
"british children's music",4
"british country",4
"british post-rock",4
"britpop revival",4
"brooklyn indie",4
"bubblegum bass",4
"bubblegum dance",4
"bulgarian hip hop",4
"c86",4
"canadian indie",4
"canadian rock",4
"canadian underground hip hop",4
"chinese bgm",4
"christian afrobeat",4
"circuit",4
"classic colombian pop",4
"classic italian folk pop",4
"classic schlager",4
"classical soprano",4
"comic metal",4
"contemporary post-bop",4
"country dawn",4
"cover acustico",4
"danish indie",4
"deep rai",4
"denton tx indie",4
"doomcore",4
"drift",4
"drill beats",4
"drill espanol",4
"dutch moombahton",4
"enka",4
"euro hi-nrg",4
"finnish metal",4
"forro",4
"frankfurt electronic",4
"french techno",4
"funk mandelao",4
"gengetone",4
"german reggae",4
"ghanaian pop",4
"greek pop",4
"greek trap",4
"gujarati garba",4
"hardvapour",4
"hjemmesnekk",4
"indian edm",4
"indian indie",4
"indian singer-songwriter",4
"instrumental funk",4
"italian underground hip hop",4
"j-ambient",4
"jamaican dancehall",4
"japanese electropop",4
"jawaiian",4
"kentucky hip hop",4
"kentucky indie",4
"kirtan",4
"korean classical performance",4
"latin talent show",4
"lo-fi chill",4
"manchester indie",4
"melbourne hip hop",4
"memphis soul",4
"minimal dub",4
"minimal tech house",4
"modern country rock",4
"modern enka",4
"moroccan pop",4
"musica mexicana",4
"naija worship",4
"neon pop punk",4
"north carolina hip hop",4
"old school dancehall",4
"oxford indie",4
"pakistani indie",4
"parody",4
"philly drill",4
"pinoy indie",4
"polish alternative",4
"pop cristiano",4
"pop nacional",4
"pop reggaeton",4
"pop soul",4
"post-screamo",4
"queens hip hop",4
"rap conciencia",4
"rap dominicano",4
"rap tunisien",4
"rave funk",4
"reggae do maranhao",4
"reggae rock",4
"relaxative",4
"reparto",4
"sad rap",4
"schlager",4
"schweizer rap",4
"sertanejo pop",4
"slovenian pop",4
"smooth soul",4
"soca",4
"southern hip hop",4
"southern soul blues",4
"st louis drill",4
"swedish gangsta rap",4
"swiss techno",4
"tamil hip hop",4
"toronto rap",4
"uk bass",4
"uk house",4
"ukrainian indie",4
"v-pop",4
"viral trap",4
"witch house",4
"acoustic blues",3
"adelaide indie",3
"african-american classical",3
"afro drill",3
"afrobeat fusion",3
"albanian pop",3
"alte",3
"alternative americana",3
"ambient country",3
"anime phonk",3
"arab pop",3
"arab trap",3
"armenian hip hop",3
"auckland indie",3
"australian garage punk",3
"australian house",3
"australian indie folk",3
"austro-german modernism",3
"azontobeats",3
"bangla pop",3
"barbadian pop",3
"beatboxing",3
"bible",3
"bitpop",3
"black metal",3
"black sludge",3
"bongo flava",3
"boy pop",3
"brazilian house",3
"brazilian indie",3
"brisbane hip hop",3
"british classical piano",3
"british experimental",3
"brutal deathcore",3
"bubblegrunge",3
"calgary indie",3
"canadian ccm",3
"canadian singer-songwriter",3
"cancion melodica",3
"carnaval",3
"chamber choir",3
"chanson virale",3
"chicago punk",3
"chill phonk",3
"chill pop",3
"chinese melodic rap",3
"choro",3
"classic j-pop",3
"classic korean pop",3
"classic persian pop",3
"classical tenor",3
"cologne hip hop",3
"colombian hip hop",3
"comedie musicale",3
"comedienne",3
"comedy rap",3
"country quebecois",3
"countrygaze",3
"covertrance",3
"cumbia del sureste",3
"cumbia salvadorena",3
"czsk hip hop",3
"dance-punk",3
"dangdut remix",3
"dark disco",3
"deep flow",3
"deep funk house",3
"deep happy hardcore",3
"deep pop edm",3
"denver rap",3
"discofox",3
"dominican pop",3
"drill",3
"dutch indie",3
"early music ensemble",3
"east coast reggae",3
"electra",3
"emo trap en espanol",3
"emoplugg",3
"epunk",3
"experimental ambient",3
"experimental r&b",3
"fantasy",3
"flamenco urbano",3
"french rock",3
"funk 150 bpm",3
"funk consciente",3
"funk paulista",3
"gaming dubstep",3
"german house",3
"german techno",3
"greek hip hop",3
"guam indie",3
"hard bass",3
"hare krishna",3
"haryanvi hip hop",3
"hel",3
"hip hop quebecois",3
"hip hop reunionnais",3
"hip hop tuga",3
"hoerspiel",3
"hong kong indie",3
"hong kong rock",3
"houston indie",3
"hungarian metal",3
"icelandic pop",3
"indian lo-fi",3
"indiana hip hop",3
"indonesian hip hop",3
"instrumental acoustic guitar",3
"instrumental bluegrass",3
"instrumental surf",3
"italian lounge",3
"j-acoustic",3
"j-division",3
"jackin' house",3
"jangle pop",3
"japanese chillhop",3
"japanese metalcore",3
"kashmiri hip hop",3
"kawaii edm",3
"kenyan alternative",3
"kenyan pop",3
"klubowe",3
"korean ost",3
"korean trap",3
"lagu bugis",3
"lagu timur",3
"latin viral pop",3
"liquid funk",3
"lithuanian edm",3
"lo-fi house",3
"lounge house",3
"louvor",3
"louvores pentecostais",3
"macedonian electronic",3
"malagasy pop",3
"malaysian indie",3
"malaysian mandopop",3
"mathcore",3
"melancholia",3
"melodic metalcore",3
"metalcore",3
"microhouse",3
"middle east hip hop",3
"modern folk rock",3
"modern j-rock",3
"modern southern rock",3
"motown",3
"musica neoleonesa",3
"musica popular mineira",3
"musica tropical guatemalteca",3
"musical advocacy",3
"nasheed",3
"nashville singer-songwriter",3
"native american hip hop",3
"new french touch",3
"nigerian pop",3
"nightrun",3
"nordic folk metal",3
"norwegian country",3
"norwegian hip hop",3
"norwegian trap",3
"nu disco",3
"nz children's music",3
"nz electronic",3
"olympia wa indie",3
"organic ambient",3
"organic house",3
"oshare kei",3
"panamanian pop",3
"persian melodic rap",3
"perth hip hop",3
"pop boliviano",3
"pop folk",3
"prank",3
"progressive uplifting trance",3
"puerto rican pop",3
"punjabi lo-fi",3
"r&b brasileiro",3
"rai",3
"rap anime",3
"rap cristiano",3
"rap df",3
"rap inde",3
"rap montrealais",3
"rap tico",3
"retro soul",3
"reunion pop",3
"rhode island rap",3
"rkt",3
"russian dance pop",3
"russian electronic",3
"russian emo rap",3
"russian hyperpop",3
"russian trap",3
"san antonio rap",3
"saxophone house",3
"scandipop",3
"seattle hip hop",3
"shib",3
"singaporean pop",3
"sinhala rap",3
"slayer",3
"smooth saxophone",3
"social media pop",3
"somali pop",3
"sorani pop",3
"souldies",3
"south african hip hop",3
"south african trap",3
"south african underground rap",3
"southern americana",3
"spanish pop",3
"speed house",3
"speed plug brasileiro",3
"swedish drill",3
"swiss hip hop",3
"talentkonkurranse",3
"techno rave",3
"trap baiano",3
"trap chileno",3
"trap italiana",3
"trap triste",3
"traphall",3
"tunisian pop",3
"turbo folk",3
"ukrainian electronic",3
"ukulele cover",3
"underground power pop",3
"upstate ny rap",3
"urban kiz",3
"venezuelan hip hop",3
"vgm instrumental",3
"vienna indie",3
"vintage broadway",3
"virginia hip hop",3
"west australian hip hop",3
"world meditation",3
"zhongguo feng",3
"abstract beats",2
"abstract idm",2
"adoracion pentecostal",2
"afropop",2
"ai",2
"alaska indie",2
"albany ny indie",2
"ambeat",2
"ambient guitar",2
"american 21st century classical",2
"american romanticism",2
"ann arbor indie",2
"anthem",2
"argentine reggae",2
"argentine rock",2
"arrochadeira",2
"art song",2
"atlantic canada hip hop",2
"aussie drill",2
"australian alternative rock",2
"australian ambient",2
"australian blues",2
"australian hardcore",2
"australian indigenous music",2
"australian metalcore",2
"australian psych",2
"australian underground hip hop",2
"austrian jazz",2
"austrian pop",2
"austropop",2
"autoharp",2
"avant-garde metal",2
"axe",2
"azonto",2
"balearic",2
"balkan beats",2
"banda carnavalera",2
"banda peruana",2
"banjara pop",2
"barnemusikk",2
"barnmusik",2
"bass music",2
"batak",2
"batida",2
"beach house",2
"birmingham grime",2
"birmingham indie",2
"boston electronic",2
"boston indie",2
"botswana hip hop",2
"bouncy house",2
"brass band pop",2
"brazilian bass",2
"brazilian gospel",2
"brazilian hardcore",2
"brazilian reggae",2
"breakbeat",2
"british comedy",2
"broken transmission",2
"buffalo hip hop",2
"burmese pop",2
"byzantine",2
"c-pop girl group",2
"california hardcore",2
"canadian children's music",2
"canadian house",2
"canadian post-hardcore",2
"cante flamenco",2
"cardiff indie",2
"celtic rock",2
"chamber psych",2
"chicano punk",2
"children's choir",2
"chill dream pop",2
"chill-out trance",2
"chillsynth",2
"chillwave",2
"chinese idol pop",2
"chinese minyao",2
"chinese post-punk",2
"chinese r&b",2
"chiptune",2
"christelijk",2
"christian pop",2
"christian power metal",2
"classic bangla pop",2
"classic canadian rock",2
"classic dubstep",2
"classic malaysian pop",2
"classic norwegian pop",2
"classic peruvian pop",2
"classic portuguese pop",2
"classic sinhala pop",2
"classic uk pop",2
"classical clarinet",2
"classical flute",2
"classical horn",2
"classical piano trio",2
"commons",2
"contra dance",2
"corrosion",2
"cumbia boliviana",2
"cumbia chilena",2
"cumbia peruana",2
"cumbia sonorense",2
"cumbia uruguaya",2
"czech drill",2
"dakke dak",2
"dallas indie",2
"dancehall guyanaise",2
"dangdut koplo",2
"danish indie pop",2
"dariacore",2
"dark electro",2
"darkstep",2
"death metal",2
"deep acoustic pop",2
"deep adult standards",2
"deep contemporary country",2
"deep dance pop",2
"deep dubstep",2
"deep funk ostentacao",2
"deep g funk",2
"deep psytrance",2
"deep soft rock",2
"deep soul house",2
"deep vocal jazz",2
"deutschrock",2
"dikir barat",2
"dirty texas rap",2
"diy pop punk",2
"downtempo deathcore",2
"downtempo fusion",2
"draga",2
"drill chileno",2
"drone ambient",2
"drumfunk",2
"dungeon synth",2
"dutch drill",2
"dweilorkest",2
"early reggae",2
"eau claire indie",2
"edmonton indie",2
"egyptian hip hop",2
"electric blues",2
"electronic rock",2
"electronic trap",2
"electronicore",2
"elektropunk",2
"elephant 6",2
"emo rap italiano",2
"english indie rock",2
"english renaissance",2
"epa dunk",2
"essex indie",2
"euroska",2
"experimental",2
"experimental club",2
"experimental electronic",2
"experimental guitar",2
"experimental jazz",2
"fado",2
"fast melodic punk",2
"fijian pop",2
"fingerstyle",2
"finnish hip hop",2
"finnish pop",2
"finnish pop punk",2
"flamenco",2
"folk brasileiro",2
"folk metal",2
"folklore veracruzano",2
"forro de favela",2
"frauenrap",2
"french garage rock",2
"french pop",2
"french tech house",2
"frenchcore",2
"funk pop",2
"funktronica",2
"funky tech house",2
"future garage",2
"future house",2
"futurepop",2
"gabber",2
"gainesville indie",2
"gambian hip hop",2
"garage rock revival",2
"georgian alternative",2
"german drill",2
"german indie",2
"german r&b",2
"german soundtrack",2
"german trap",2
"ghanaian alternative",2
"ghanaian hip hop",2
"glee club",2
"go-go",2
"gospel r&b",2
"gospel rap",2
"gqom",2
"grand rapids indie",2
"greek drill",2
"greek indie",2
"greek underground rap",2
"gregorian dance",2
"guaracha",2
"guinean pop",2
"gypsy jazz",2
"gypsy punk",2
"hardcore hip hop",2
"hardstyle",2
"hardwave",2
"harmonica blues",2
"healing hz",2
"hindi indie",2
"hinos ccb",2
"hip hop galsen",2
"hip house",2
"hong kong hip hop",2
"huayno",2
"hungarian hip hop",2
"hungarian pop",2
"hyperpop brasileiro",2
"hyperpop italiano",2
"icelandic folk",2
"icelandic indie",2
"icelandic jazz",2
"igbo pop",2
"igbo rap",2
"indian underground rap",2
"indie rock italiano",2
"indonesian edm",2
"indonesian indie pop",2
"indonesian jazz",2
"indonesian pop punk",2
"instrumental stoner rock",2
"irish drill",2
"irish hip hop",2
"irish neo-traditional",2
"israeli pop",2
"italian alternative",2
"italian baroque",2
"italian reggae",2
"italian romanticism",2
"italian tech house",2
"j-indie",2
"jamtronica",2
"japanese choir",2
"japanese classical",2
"japanese dance pop",2
"japanese jazz fusion",2
"japanese jazztronica",2
"japanese pop punk",2
"japanese viral pop",2
"jazz drums",2
"jazz quartet",2
"jump up",2
"k-rock",2
"kayokyoku",2
"kazakh hip hop",2
"khasi pop",2
"kodomo no ongaku",2
"korean city pop",2
"korean drill",2
"korean hyperpop",2
"korean metal",2
"korean singer-songwriter",2
"korean underground rap",2
"kurdish remix",2
"lagu aceh",2
"lagu sabahan",2
"latin tech house",2
"latin viral rap",2
"latin worship",2
"lgbtq+ hip hop",2
"light music",2
"livetronica",2
"lounge",2
"magyar trap",2
"maine hip hop",2
"makina",2
"makossa",2
"malawian pop",2
"malayalam indie",2
"maltese hip hop",2
"mariachi cristiano",2
"massage",2
"mbalax",2
"mellow gold",2
"melodic hard rock",2
"men chika",2
"metal guitar",2
"mexican rock-and-roll",2
"miami bass",2
"miami indie",2
"military band",2
"modern dream pop",2
"modern hard rock",2
"modern jungle",2
"modern salsa",2
"modern swing",2
"mongolian hip hop",2
"moombahton",2
"musica andorra",2
"musica cearense",2
"musica costena",2
"musica cristiana guatemalteca",2
"musica indigena brasileira",2
"musica jibara",2
"musica llanera",2
"musica sinaloense",2
"musique urbaine brazzaville",2
"nagpuri pop",2
"namibian pop",2
"narco rap",2
"narodna muzika",2
"nashville americana",2
"nashville hip hop",2
"nashville sound",2
"nasyid",2
"native american contemporary",2
"native american traditional",2
"neo honky tonk",2
"neo-synthpop",2
"neoperreo",2
"neurostep",2
"new jersey indie",2
"new jersey underground rap",2
"noise pop",2
"nordic folk",2
"nordic house",2
"nordic post-rock",2
"norsk lovsang",2
"northumbrian folk",2
"nova musica paulista",2
"nu-metalcore",2
"nz hip hop",2
"oklahoma country",2
"old-time fiddle",2
"omaha indie",2
"orchestral performance",2
"ottawa rap",2
"outsider",2
"pagode baiano",2
"pahadi pop",2
"pakistani hip hop",2
"paracana",2
"partyschlager",2
"pei indie",2
"peruvian rock",2
"philly soul",2
"phoenix indie",2
"pinoy alternative rap",2
"pinoy singer-songwriter",2
"pittsburgh rap",2
"poetry",2
"polish blues",2
"polish punk",2
"polish trap",2
"polish underground rap",2
"polish viral pop",2
"pop flamenco",2
"pop urbaine",2
"pop worship",2
"portland indie",2
"portuguese experimental",2
"progressive post-hardcore",2
"progressive trance house",2
"psybreaks",2
"psychokore",2
"psytech",2
"punjabi hip hop",2
"qawwali",2
"r&b italiano",2
"r&drill",2
"rai algerien",2
"rakugo",2
"rap",2
"rap canario",2
"rap capixaba",2
"rap chileno",2
"rap femenino mexicano",2
"rap feminino nacional",2
"rap francais nouvelle vague",2
"rap ivoire",2
"rap nica",2
"rap sergipano",2
"rap underground argentino",2
"reggaeton chileno",2
"remix brasileiro",2
"rhythm and blues",2
"rif",2
"romanian rap",2
"russian gangster rap",2
"sad lo-fi",2
"salsa cubana",2
"samurai trap",2
"san diego indie",2
"sandalwood",2
"santali pop",2
"saraiki pop",2
"scandinavian r&b",2
"school ensemble",2
"scottish indie",2
"scottish techno",2
"sda a cappella",2
"sertanejo tradicional",2
"sierra leonean pop",2
"sky room",2
"slam death metal",2
"slam poetry",2
"slushwave",2
"small room",2
"smutny rap",2
"soukous",2
"soul flow",2
"soul jazz",2
"south african gospel",2
"south african pop",2
"south carolina hip hop",2
"spanish hip hop",2
"spytrack",2
"st louis rap",2
"steel guitar",2
"stomp and whittle",2
"sunset lounge",2
"swedish electropop",2
"swedish melodic rock",2
"swedish synthpop",2
"swedish tropical house",2
"swiss indie",2
"synth funk",2
"tamil indie",2
"teen pop",2
"telugu folk",2
"telugu remix",2
"telugu worship",2
"tennessee hip hop",2
"texas blues",2
"thai indie pop",2
"tin pan alley",2
"tontipop",2
"traditional english folk",2
"trance brasileiro",2
"trancecore",2
"trap",2
"trap antillais",2
"trap boricua",2
"trap colombiano",2
"trap cristiano",2
"trap dominicano",2
"trap mexicano",2
"trap tuga",2
"trap venezolano",2
"trova",2
"turkce drill",2
"turkish deep house",2
"turkish hip hop",2
"ua trap",2
"uk americana",2
"uk desi rap",2
"uk dnb",2
"uk tech house",2
"ukrainian hip hop",2
"underground amapiano",2
"urbano mexicano",2
"vallenato",2
"vallenato moderno",2
"vapor pop",2
"vapor soul",2
"vaqueiro",2
"victoria bc indie",2
"vietnamese hip hop",2
"viking folk",2
"vintage chanson",2
"west coast rap",2
"xitsonga pop",2
"2-step",1
"aarhus indie",1
"acid trance",1
"acidcore",1
"adoracao",1
"adoracion",1
"afghan rap",1
"african electronic",1
"african experimental",1
"afrikaans hip hop",1
"afro house angolano",1
"alabama indie",1
"alberta country",1
"albuquerque indie",1
"alternative ccm",1
"alternative metalcore",1
"alternative pop rock",1
"ambient pop",1
"ambient synth",1
"american classical piano",1
"american orchestra",1
"amharic pop",1
"animal singing",1
"arab folk",1
"arkansas indie",1
"armenian pop",1
"asakaa",1
"assamese hip hop",1
"assyrian pop",1
"atlanta bass",1
"atmosphere",1
"austin metal",1
"australian americana",1
"australian experimental",1
"australian indigenous hip hop",1
"australian metal",1
"australian post-hardcore",1
"australian r&b",1
"australian reggae fusion",1
"australian techno",1
"austrian black metal",1
"austrian dnb",1
"austrian hip hop",1
"austrian orchestra",1
"auteur-compositeur-interprete quebecois",1
"autonomous black metal",1
"azeri pop",1
"azeri rap",1
"bachchon ke geet",1
"bajan soca",1
"balfolk",1
"balkan brass",1
"balkan trap",1
"baltimore indie",1
"bandoneon",1
"bangalore indie",1
"bansuri",1
"barbershop",1
"barcadi",1
"barnsagor",1
"barrelhouse piano",1
"bases de freestyle",1
"bass trip",1
"bath indie",1
"bayerischer rap",1
"beat poetry",1
"beatdown",1
"belarusian electronic",1
"belarusian pop",1
"belfast metal",1
"belgian dnb",1
"belgian indie",1
"belgian indie rock",1
"belo horizonte indie",1
"big band",1
"birdsong",1
"birmingham hip hop",1
"bisaya rap",1
"blackened deathcore",1
"blaskapelle",1
"bleep techno",1
"bluegrass fiddle",1
"bluegrass gospel",1
"bmore",1
"bodo pop",1
"boeremusiek",1
"bolero cubano",1
"bolero mexicano",1
"boogaloo",1
"boogie-woogie",1
"bornesange",1
"bosstown sound",1
"boston rock",1
"bouyon",1
"bozlak",1
"brazilian emo",1
"brazilian experimental",1
"brazilian metal",1
"brazilian punk",1
"brazilian techno",1
"breaks",1
"brega",1
"brega romantico",1
"brisbane indie",1
"bristol electronic",1
"brit funk",1
"british industrial",1
"brockton hip hop",1
"cambodian pop",1
"cambridge choir",1
"cameroonian hip hop",1
"canadian blues",1
"canadian choir",1
"canadian classical",1
"canadian death metal",1
"canadian drill",1
"canadian indigenous music",1
"canadian metalcore",1
"canadian old school hip hop",1
"canadian psychedelic rock",1
"canadian punk",1
"candomble",1
"cantautor catala",1
"cantautora argentina",1
"canto popular uruguayo",1
"carnatic",1
"carnaval cadiz",1
"cdo indie",1
"cedm",1
"ceilidh",1
"cello ensemble",1
"celtic metal",1
"central asian hip hop",1
"chaabi marocain",1
"chain punk",1
"chamber ensemble",1
"chamber folk",1
"chamorro pop",1
"charanga",1
"charlottesville indie",1
"chasidic pop",1
"chicago house",1
"chicago mexican",1
"chicha",1
"chilean indie",1
"chill beats",1
"chill drill",1
"chinderlieder",1
"chinese classical performance",1
"chinese electropop",1
"chinese folk",1
"chinese indie pop",1
"chinese manyao",1
"chinese reggae",1
"chinese singer-songwriter",1
"chip hop",1
"christian a cappella",1
"christian doom metal",1
"christian trap",1
"christmas product",1
"cinematic post-rock",1
"clarinet ensemble",1
"classic belgian pop",1
"classic cantopop",1
"classic danish rock",1
"classic female blues",1
"classic finnish pop",1
"classic greek rock",1
"classic house",1
"classic hungarian pop",1
"classic indo pop",1
"classic indonesian rock",1
"classic j-rock",1
"classic japanese jazz",1
"classic kollywood",1
"classic nz pop",1
"classic polish pop",1
"classic psychedelic rock",1
"classic romanian pop",1
"classic sudanese pop",1
"classic tunisian pop",1
"classical accordion",1
"classical baritone",1
"classical contralto",1
"classical drill",1
"classical percussion",1
"classical piano duo",1
"classical piano quartet",1
"classical saxophone quartet",1
"classical trombone",1
"classical tuba",1
"clean comedy",1
"cleveland indie",1
"colombian electronic",1
"colombian indie",1
"colombian rock",1
"comedia",1
"comedy rock",1
"contrabass",1
"cook islands pop",1
"coptic hymn",1
"cork indie",1
"cornwall indie",1
"corridos belicos",1
"corridos clasicos",1
"corridos cristianos",1
"corsican folk",1
"cosmic death metal",1
"cristiana para ninos",1
"croatian rock",1
"crossover prog",1
"crossover thrash",1
"cruise",1
"cuarteto",1
"cuatro venezolano",1
"cuban alternative",1
"cuban rumba",1
"cumbia",1
"cumbia colombiana regia",1
"cumbia cristiana",1
"cumbia ranchera",1
"cumbia santafesina",1
"cymraeg",1
"czech electronic",1
"czech indie",1
"dancehall colombiano",1
"dancehall queen",1
"danish alternative rock",1
"danish modern jazz",1
"danish rock",1
"dark electro-industrial",1
"dark minimal techno",1
"dark psytrance",1
"dark synthpop",1
"darksynth",1
"dayton indie",1
"deathgrind",1
"deathstep",1
"deep chill-out",1
"deep darkpsy",1
"deep deep house",1
"deep deep tech house",1
"deep discofox",1
"deep downtempo fusion",1
"deep filthstep",1
"deep folk metal",1
"deep freestyle",1
"deep hardcore punk",1
"deep liquid",1
"deep liquid bass",1
"deep neo-synthpop",1
"deep new americana",1
"deep norteno",1
"deep pop emo",1
"deep progressive trance",1
"deep r&b",1
"deep smooth r&b",1
"deep southern trap",1
"deep surf music",1
"deep tech house",1
"deep techno",1
"deep turkish pop",1
"deep vocal house",1
"delaware indie",1
"denver indie",1
"derby indie",1
"desi emo rap",1
"detroit house",1
"detroit indie",1
"detskie pesni",1
"dhrupad",1
"double drumming",1
"doujin",1
"dragspel",1
"drain",1
"dreamo",1
"drill tuga",1
"drone folk",1
"dub punk",1
"dublin indie",1
"duluth indie",1
"dunedin sound",1
"dutch idol pop",1
"dutch metal",1
"dutch r&b",1
"dutch singer-songwriter",1
"dutch stoner rock",1
"dutch trap",1
"early american folk",1
"early music",1
"early romantic era",1
"ebm",1
"ecm-style jazz",1
"edinburgh metal",1
"egyptian alternative",1
"egyptian pop",1
"egyptian viral pop",1
"electro bailando",1
"electro dub",1
"electro jazz",1
"electroclash",1
"electronic djent",1
"electronica argentina",1
"electronica cristiana",1
"electronica venezuela",1
"emo trap italiana",1
"entehno",1
"estonian electronic",1
"estonian indie",1
"estonian pop",1
"ethereal wave",1
"etherpop",1
"ethiopian pop",1
"euskal musica",1
"experimental big band",1
"experimental classical",1
"experimental house",1
"experimental indie",1
"experimental pop",1
"experimental synth",1
"fallen angel",1
"faroese folk",1
"fictitious orchestra",1
"finnish doom metal",1
"finnish drill",1
"finnish heavy metal",1
"finnish progressive metal",1
"finnish trap",1
"fo jing",1
"folclor colombiano",1
"folklore cuyano",1
"folklore surero",1
"folkmusik",1
"footwork",1
"forest psy",1
"fort wayne indie",1
"fort worth indie",1
"fourth world",1
"freestyle",1
"french death metal",1
"french indie folk",1
"french movie tunes",1
"french reggae",1
"french romanticism",1
"french shoegaze",1
"french worship",1
"funk bh",1
"funk capixaba",1
"funk mexicano",1
"funk ostentacao",1
"funk rj",1
"funky breaks",1
"gabonese pop",1
"galante era",1
"galego",1
"galician folk",1
"galway indie",1
"garage house",1
"garhwali pop",1
"gauze pop",1
"geek folk",1
"geek rock",1
"geinin song",1
"german alternative rock",1
"german indie folk",1
"german opera",1
"german orchestra",1
"german post-hardcore",1
"german punk rock",1
"german trance",1
"german underground rap",1
"german viral rap",1
"glasgow indie",1
"glitch",1
"goa trance",1
"gospel antigas",1
"gospel italiano",1
"gospel papiamento",1
"gospel singers",1
"gothabilly",1
"gothenburg metal",1
"gothic doom",1
"gothic symphonic metal",1
"grave wave",1
"greek downtempo",1
"greek swing",1
"grenada soca",1
"griot",1
"grisly death metal",1
"grupera",1
"grupero romantico",1
"guadalajara indie",1
"guided meditation",1
"guitar case",1
"gulf hip hop",1
"gwoka",1
"halftime dnb",1
"hammered dulcimer",1
"hard bop",1
"hard chime",1
"hard glam",1
"hard trance",1
"hardingfele",1
"hardtekk",1
"harlem hip hop",1
"hausa pop",1
"hawaiian hip hop",1
"heavy psych",1
"heligonka",1
"hi-nrg",1
"high-tech minimal",1
"hindustani classical",1
"hip hop boliviano",1
"hip-hop experimental",1
"hk-pop",1
"hong kong tv drama",1
"house argentino",1
"hungarian choir",1
"hungarian indie",1
"hungarian rock",1
"hurdy-gurdy",1
"hyperpop en espanol",1
"hypnagogic pop",1
"icelandic post-punk",1
"igbo traditional",1
"igbo trap",1
"indian electronic",1
"indian instrumental",1
"indie boliviano",1
"indie cantabria",1
"indie cordoba",1
"indie curitibano",1
"indie electronica",1
"indie folk argentino",1
"indie folk italiano",1
"indie hidalguense",1
"indie paraense",1
"indie rockism",1
"indie shoegaze",1
"indie singer-songwriter",1
"indie tucumano",1
"indie veneto",1
"indonesian blues",1
"indonesian city pop",1
"indonesian experimental",1
"indonesian idol pop",1
"indonesian indie",1
"indonesian indie rock",1
"indonesian lo-fi pop",1
"indonesian r&b",1
"indonesian singer-songwriter",1
"indonesian trap",1
"industrial noise",1
"instrumental grime",1
"instrumental hip hop",1
"instrumental rock",1
"instrumental soul",1
"iowa indie",1
"iraqi hip hop",1
"irish accordion",1
"irish banjo",1
"irish indie",1
"irish metal",1
"irish post-punk",1
"irish rebel song",1
"irish underground rap",1
"isle of wight indie",1
"israeli hip hop",1
"israeli indie",1
"israeli techno",1
"italian blues",1
"italian classical piano",1
"italian contemporary classical",1
"italian electronica",1
"italian emo",1
"italian indie pop",1
"italian metalcore",1
"italian modern prog",1
"italian pop",1
"italian pop punk",1
"italian pop rock",1
"italian progressive rock",1
"italian punk",1
"italian rockabilly",1
"italian soundtrack",1
"j-idol",1
"j-punk",1
"j-reggae",1
"jacksonville indie",1
"jamaican ska",1
"japanese boom bap",1
"japanese chill rap",1
"japanese classical performance",1
"japanese emo",1
"japanese experimental",1
"japanese hyperpop",1
"japanese indie folk",1
"japanese indie pop",1
"japanese melodic punk",1
"japanese prog",1
"japanese progressive house",1
"japanese soul",1
"japanese traditional",1
"japanese underground rap",1
"japanoise",1
"javanese dangdut",1
"jazz caraibes",1
"jazz composition",1
"jazz cover",1
"jazz double bass",1
"jazz house",1
"jazz organ",1
"jazz piano",1
"jazz pop",1
"jazz puertorriqueno",1
"jazz vibraphone",1
"jazz worship",1
"jazztronica",1
"jazzy dnb",1
"jewish a capella",1
"jewish hip hop",1
"jewish pop",1
"jig and reel",1
"jirai kei",1
"josei rap",1
"jovem guarda",1
"jug band",1
"jumpstyle",1
"jungle",1
"junior songfestival",1
"kalmar indie",1
"kapa haka",1
"karadeniz pop",1
"karadeniz turkuleri",1
"karneval",1
"kavkaz",1
"kazakh indie",1
"kazakh pop",1
"kc indie",1
"kent indie",1
"kenyan r&b",1
"khaleeji iraqi",1
"kol isha",1
"kollywood",1
"kompa chretien",1
"konkani pop",1
"krautrock",1
"kumaoni pop",1
"kundalini",1
"kwaito",1
"kyrgyz pop",1
"lagu sunda",1
"lambadao",1
"lancaster pa indie",1
"language",1
"lapland hip hop",1
"late romantic era",1
"latin house",1
"latin metal",1
"latincore",1
"latintronica",1
"latinx alternative",1
"latvian hip hop",1
"leeds indie",1
"leicester indie",1
"leipzig indie",1
"lexington ky indie",1
"libyan hip hop",1
"liedermacher",1
"lincoln ne indie",1
"lithuanian hip hop",1
"lithuanian indie",1
"lithuanian pop",1
"lithuanian trap",1
"liverpool indie",1
"lo-fi brasileiro",1
"london indie",1
"long island punk",1
"louisiana blues",1
"louisville indie",1
"luxembourgian electronic",1
"luxembourgian hip hop",1
"macedonian hip hop",1
"madchester",1
"mahraganat",1
"maine indie",1
"malagasy folk",1
"malawian hip hop",1
"malay rap",1
"malayalam cover",1
"malayalam hip hop",1
"malayalam pop",1
"malayalam worship",1
"malaysian tamil rap",1
"maloya",1
"maltese pop",1
"mambo",1
"mambo chileno",1
"manchester hip hop",1
"mandible",1
"manitoba indie",1
"marathi hip hop",1
"marathi traditional",1
"marci brijuzi",1
"marsmuziek",1
"martial industrial",1
"marwadi pop",1
"math pop",1
"mbira",1
"mecha",1
"medimeisterschaften",1
"meenawati",1
"melbourne bounce",1
"melodic dubstep",1
"melodic metal",1
"melodipop",1
"memphis blues",1
"memphis indie",1
"memphis phonk",1
"merengue tipico",1
"messianic praise",1
"metis fiddle",1
"mewati pop",1
"mexican hardcore",1
"mexican post-rock",1
"mexican tech house",1
"mexican traditional",1
"meyxana",1
"miami electronic",1
"middle earth",1
"midwest emo",1
"milwaukee hip hop",1
"milwaukee indie",1
"mindfulness",1
"minimal dnb",1
"minneapolis indie",1
"minneapolis punk",1
"mississippi indie",1
"missouri indie",1
"mizo pop",1
"modern blues",1
"modern hardcore",1
"modern jangle pop",1
"modern jazz piano",1
"modern performance",1
"modern progressive rock",1
"modern ska punk",1
"modern string quartet",1
"modular synth",1
"mongolian pop",1
"monterrey indie",1
"montreal indie",1
"morelos indie",1
"motivation",1
"munich electronic",1
"music hall",1
"musica alagoana",1
"musica andina",1
"musica bajacaliforniana",1
"musica calabrese",1
"musica campechana",1
"musica costarricense",1
"musica ecuatoguineana",1
"musica eletronica brasileira",1
"musica eletronica gospel",1
"musica folk asturiana",1
"musica guerrerense",1
"musica infantil catala",1
"musica instrumental cristiana",1
"musica jalisciense",1
"musica londrinense",1
"musica para criancas",1
"musica per bambini",1
"musica popular colombiana",1
"musica potosina",1
"musica purepecha",1
"musica sergipana",1
"musica sonorense",1
"musik anak-anak",1
"musique guadeloupe",1
"musique mandingue",1
"musique mariage algerien",1
"musique pour enfants",1
"musique traditionnelle congolaise",1
"muzica bisericeasca",1
"nantes indie",1
"narodnozabavna",1
"native american spiritual",1
"ndombolo",1
"nederpop",1
"neo grime",1
"neo-kraut",1
"neo-singer-songwriter",1
"neoclassical darkwave",1
"nephop",1
"neue deutsche harte",1
"new americana",1
"new beat",1
"new brunswick indie",1
"new delhi indie",1
"new mexico music",1
"new orleans indie",1
"new orleans jazz",1
"new wave of thrash metal",1
"new weird finland",1
"newfoundland indie",1
"nordic contemporary classical",1
"nordic soundtrack",1
"norteno-sax",1
"north dakota indie",1
"north moroccan rap",1
"northeast indian hip hop",1
"northeast indian indie",1
"norwegian blues",1
"norwegian choir",1
"norwegian contemporary jazz",1
"norwegian house",1
"norwegian psychedelic",1
"nottingham indie",1
"nova mpb",1
"nova musica maranhense",1
"nu electro",1
"nu gaze",1
"nwobhm",1
"nz alternative rock",1
"nz christian",1
"nz folk",1
"nz hardcore",1
"nz pop",1
"oakland hip hop",1
"oakland indie",1
"oberkrainer",1
"oceania soundtrack",1
"odia pop",1
"ohangla",1
"ohio hardcore",1
"okc indie",1
"one-person band",1
"orebro indie",1
"oriental metal",1
"oromo pop",1
"orquesta tipica",1
"oslo indie",1
"oth indie",1
"outer hip hop",1
"outlaw country",1
"outsider house",1
"p-pop",1
"pakistani electronic",1
"palestinian hip hop",1
"pennsylvania hardcore",1
"persian drill",1
"persian underground hip hop",1
"peruvian metal",1
"peruvian punk",1
"philly indie",1
"piano blues",1
"pinoy edm",1
"pittsburgh indie rock",1
"plena uruguaya",1
"poezja spiewana",1
"polish black metal",1
"polish electronica",1
"polish metalcore",1
"polish reggae",1
"polish thrash metal",1
"polynesian hip hop",1
"pop argentino",1
"pop catracho",1
"pop costarricense",1
"pop electronico",1
"pop rap brasileiro",1
"pop rock brasileiro",1
"popwave",1
"portuguese indie rock",1
"portuguese techno",1
"post-disco",1
"post-doom metal",1
"post-post-hardcore",1
"post-romantic era",1
"power noise",1
"poznan indie",1
"progressive death metal",1
"progressive deathcore",1
"progressive metal",1
"progressive metalcore",1
"progressive rock",1
"proto-hyperpop",1
"proto-metal",1
"psybass",1
"psychedelic doom",1
"psychedelic trance",1
"psychobilly",1
"puirt-a-beul",1
"punk rock italiano",1
"purulia pop",1
"quebec indie",1
"queer country",1
"quiet storm",1
"r&b en espanol",1
"r&b francais",1
"rabindra sangeet",1
"raboday",1
"radio symphony",1
"raggatek",1
"rajasthani pop",1
"ranchera",1
"rap abc paulista",1
"rap alagoano",1
"rap angolano",1
"rap antillais",1
"rap belge",1
"rap boricua",1
"rap chretien",1
"rap congolais",1
"rap conscient",1
"rap cristao",1
"rap gabonais",1
"rap gasy",1
"rap malien",1
"rap metal espanol",1
"rap metalcore",1
"rap mocambicana",1
"rap moldovenesc",1
"rap napoletano",1
"rap norteno chileno",1
"rap paranaense",1
"rap politico",1
"rap potiguar",1
"rap regio",1
"rap romantico",1
"rap sardegna",1
"rap uruguayo",1
"rasiya",1
"rawstyle",1
"rebetiko",1
"red dirt",1
"redneck",1
"reggae cover",1
"reiki",1
"renaissance",1
"rhode island indie",1
"riot grrrl",1
"rock catala",1
"rock chapin",1
"rock curitibano",1
"rock drums",1
"rock gotico",1
"rock in opposition",1
"rock sul-mato-grossense",1
"rock urbano mexicano",1
"rock uruguayo",1
"romanian electronic",1
"romanian indie",1
"romanian punk",1
"roots rock",1
"rune folk",1
"russian drain",1
"russian edm",1
"russian grime",1
"russian modern classical",1
"russian plugg",1
"russian post-punk",1
"russian rave",1
"russian trance",1
"russian viral pop",1
"russian viral rap",1
"rva indie",1
"ryukoka",1
"sacramento hip hop",1
"salsa international",1
"salsa peruana",1
"salsa puertorriquena",1
"samba",1
"sambass",1
"san marcos tx indie",1
"saskatchewan indie",1
"schranz",1
"scottish americana",1
"scottish drill",1
"scottish electronic",1
"scottish fiddle",1
"scottish indie folk",1
"scottish singer-songwriter",1
"screamo",1
"sefardi",1
"sega",1
"seggae",1
"serbian hip hop",1
"serialism",1
"sesotho hip hop",1
"sevillanas",1
"seychelles pop",1
"shaabi",1
"shakuhachi",1
"shamisen",1
"shanghai indie",1
"shatta",1
"shojo",1
"shonen",1
"show tunes",1
"singaporean hip hop",1
"singaporean indie",1
"singaporean mandopop",1
"singer-songwriter",1
"sinhala edm",1
"sinhala pop",1
"skweee",1
"slaskie piosenki",1
"slc indie",1
"slovak hip hop",1
"slovak trap",1
"socal indie",1
"solipsynthm",1
"soul",1
"soul blues",1
"south african alternative",1
"south african electronic",1
"south african jazz",1
"south african punk",1
"south african r&b",1
"south african rock",1
"southeast asian post-rock",1
"southern metal",1
"spacewave",1
"spanish blues",1
"spanish metal",1
"spanish pop rock",1
"spanish progressive rock",1
"spanish rock",1
"spectra",1
"speed up brasileiro",1
"spiritual hip hop",1
"stateside dnb",1
"steampunk",1
"steelpan",1
"straight-ahead jazz",1
"street punk",1
"stride",1
"string duo",1
"string quartet",1
"sunshine pop",1
"surf music",1
"svensk indie",1
"svensk lovsang",1
"swansea indie",1
"swedish alternative rock",1
"swedish classical",1
"swedish contemporary classical",1
"swedish dancehall",1
"swedish doom metal",1
"swedish hard rock",1
"swedish pop rap",1
"swedish singer-songwriter",1
"swedish synth",1
"swedish techno",1
"swedish trap pop",1
"swing",1
"swing italiano",1
"swiss alternative rock",1
"swiss metal",1
"swiss pop",1
"swiss rock",1
"swiss singer-songwriter",1
"swiss worship",1
"sydney indie",1
"symfonicky orchestr",1
"symphonic power metal",1
"synthwave brasileiro",1
"t-pop girl group",1
"taiwan experimental",1
"taiwan idol pop",1
"taiwan pop",1
"taiwan rock",1
"talentos brasileiros",1
"talentschau",1
"tamil pop",1
"tech trance",1
"tekk",1
"tex-mex",1
"texas latin rap",1
"texas metal",1
"texas punk",1
"thai indie",1
"thai ost",1
"thai pop rap",1
"thai psychedelic",1
"thai traditional",1
"thai viral pop",1
"thall",1
"tibetan hip hop",1
"tierra caliente",1
"timba",1
"tongan pop",1
"traditional blues",1
"traditional funk",1
"traditional rockabilly",1
"traditional scottish folk",1
"transpop",1
"trap catala",1
"trap cristao",1
"trap funk",1
"trap metal italiana",1
"trash rock",1
"trondersk musikk",1
"tucson indie",1
"turkce remix",1
"turkish alt pop",1
"turkish pop",1
"turkish rock",1
"turkish trap pop",1
"turkmen pop",1
"tzadik",1
"uk dancehall",1
"uk diy punk",1
"uk pop punk",1
"uk82",1
"ukrainian classical",1
"ukrainian edm",1
"ukrainian folk",1
"ukrainian phonk",1
"ukrainian pop",1
"underground grunge",1
"underground rap",1
"urbano latino",1
"utah indie",1
"uwielbienie",1
"vancouver indie",1
"vancouver metal",1
"vaporwave",1
"variete francaise",1
"vaudeville",1
"venda rap",1
"venezuelan rock",1
"vietnamese melodic rap",1
"vintage chinese pop",1
"vintage italian pop",1
"vintage norwegian pop",1
"vintage reggae",1
"vintage tollywood",1
"viola da gamba",1
"violao",1
"viral pop brasileiro",1
"virginia indie",1
"vispop",1
"vlaamse rap",1
"vocal ensemble",1
"vocal harmony group",1
"vocal trance",1
"water",1
"weightless",1
"welsh folk",1
"welsh indie",1
"west bengali pop",1
"wind quintet",1
"wind symphony",1
"winnipeg hip hop",1
"world fusion",1
"worship",1
"writing",1
"wuhan indie",1
"wyoming indie",1
"xhosa hip hop",1
"xtra raw",1
"yorkshire folk",1
"zambian gospel",1
"zim gospel",1
"zimdancehall",1
"zouk",1
"zxc",1
"zydeco",1
